Code INSEE;Commune;Age;Moins de 2 années;De 2 à 4 années;De 5 à 9 années;De 10 à 19 années;De 20 à 29 années;De 30 à 39 années;De 40 à 49 années;De 50 à 59 années;De 60 à 69 années;70 années ou plus;geolocalisation
35001;Acigné;15 à 19 ans;2;2;0;2;2;0;0;0;0;0;48.1464008617, -1.51879762112
35001;Acigné;20 à 24 ans;53;19;3;0;0;0;0;0;0;0;48.1464008617, -1.51879762112
35022;Bécherel;Moins de 15 ans;0;0;0;0;0;0;0;0;0;0;48.2965087434, -1.9428236566
35022;Bécherel;40 à 54 ans;17;24;18;28;9;1;0;0;0;0;48.2965087434, -1.9428236566
35024;Betton;20 à 24 ans;104;24;5;0;2;0;0;0;0;0;48.1812360423, -1.64589552684
35024;Betton;55 à 64 ans;28;65;83;194;225;161;7;4;4;0;48.1812360423, -1.64589552684
35024;Betton;65 à 79 ans;16;39;74;94;106;229;175;10;2;8;48.1812360423, -1.64589552684
35032;Bourgbarré;Moins de 15 ans;0;0;0;0;0;0;0;0;0;0;47.988587599, -1.62222742311
35032;Bourgbarré;15 à 19 ans;0;1;1;0;0;0;0;0;0;0;47.988587599, -1.62222742311
35032;Bourgbarré;65 à 79 ans;4;9;18;30;16;50;53;6;2;6;47.988587599, -1.62222742311
35039;Brécé;25 à 39 ans;50;83;74;9;0;1;0;0;0;0;48.1107701278, -1.48991638652
35051;Cesson-Sévigné;65 à 79 ans;23;95;113;172;271;444;162;29;10;1;48.1202268032, -1.59714447272
35055;Chantepie;Moins de 15 ans;0;2;0;1;0;0;0;0;0;0;48.0817134724, -1.6038253094
35055;Chantepie;40 à 54 ans;125;380;405;236;93;5;4;0;0;0;48.0817134724, -1.6038253094
35055;Chantepie;55 à 64 ans;46;104;145;159;176;96;4;1;1;0;48.0817134724, -1.6038253094
35058;La Chapelle-Chaussée;15 à 19 ans;1;0;0;1;0;0;0;0;0;0;48.2664350425, -1.86414756163
35058;La Chapelle-Chaussée;80 ans ou plus;0;0;3;6;7;4;0;1;3;2;48.2664350425, -1.86414756163
35059;La Chapelle-des-Fougeretz;65 à 79 ans;10;16;13;42;30;79;55;5;0;2;48.1768937301, -1.74067185823
35065;La Chapelle-Thouarault;20 à 24 ans;3;6;2;0;0;0;0;0;0;0;48.1252826202, -1.8581233152
35065;La Chapelle-Thouarault;55 à 64 ans;4;7;9;23;43;75;3;1;0;0;48.1252826202, -1.8581233152
35065;La Chapelle-Thouarault;80 ans ou plus;1;6;1;6;7;7;6;3;0;2;48.1252826202, -1.8581233152
35066;Chartres-de-Bretagne;Moins de 15 ans;0;0;0;0;0;0;0;0;0;0;48.0451561683, -1.70650297343
35066;Chartres-de-Bretagne;80 ans ou plus;8;15;16;22;30;34;27;16;2;3;48.0451561683, -1.70650297343
35079;Chevaigné;40 à 54 ans;25;51;56;95;41;2;1;0;0;0;48.2251828699, -1.63670416498
35088;Corps-Nuds;Moins de 15 ans;0;0;0;0;0;0;0;0;0;0;47.9823871404, -1.57026704551
35120;Gévezé;15 à 19 ans;5;4;0;1;0;0;0;0;0;0;48.2133254705, -1.79930703575
35120;Gévezé;20 à 24 ans;41;41;1;0;0;0;0;0;0;0;48.2133254705, -1.79930703575
35131;L'Hermitage;55 à 64 ans;11;29;26;55;69;75;6;1;0;0;48.1221023417, -1.8166504183
35131;L'Hermitage;80 ans ou plus;3;5;4;14;16;21;37;13;5;1;48.1221023417, -1.8166504183
35139;Laillé;20 à 24 ans;16;11;3;2;0;0;0;0;0;0;47.9672360017, -1.71452676529
35139;Laillé;80 ans ou plus;30;47;3;15;18;15;17;5;9;7;47.9672360017, -1.71452676529
35144;Langan;20 à 24 ans;7;2;0;0;0;0;0;0;0;0;48.2363756072, -1.84565830249
35180;Miniac-sous-Bécherel;80 ans ou plus;0;0;0;2;7;1;6;5;5;3;48.2810885875, -1.92727123797
35189;Montgermont;20 à 24 ans;43;26;2;0;0;0;0;0;0;0;48.1538376773, -1.71729477816
35196;Mordelles;55 à 64 ans;40;74;78;88;124;152;9;4;6;0;48.0857602983, -1.84210731238
35204;Nouvoitou;25 à 39 ans;50;82;70;19;0;5;0;0;0;0;48.0299058856, -1.55180159639
35204;Nouvoitou;65 à 79 ans;4;5;6;22;17;38;20;6;6;6;48.0299058856, -1.55180159639
35206;Noyal-Châtillon-sur-Seiche;Moins de 15 ans;0;0;0;0;0;0;0;0;0;0;48.0524815273, -1.6633106381
35206;Noyal-Châtillon-sur-Seiche;40 à 54 ans;93;191;167;299;141;10;4;3;0;0;48.0524815273, -1.6633106381
35208;Orgères;25 à 39 ans;104;171;81;31;0;1;0;0;0;0;47.9853322097, -1.66640026267
35210;Pacé;65 à 79 ans;18;40;89;101;93;154;147;11;4;6;48.152548244, -1.77716643787
35216;Parthenay-de-Bretagne;40 à 54 ans;17;45;30;91;8;2;1;0;0;0;48.1884515911, -1.829797127
35238;Rennes;25 à 39 ans;9024;13119;5826;1373;110;103;4;0;3;4;48.1119791219, -1.68186449144
35240;Le Rheu;15 à 19 ans;19;6;1;0;1;0;0;0;0;0;48.097397419, -1.78149989185
35240;Le Rheu;55 à 64 ans;31;75;64;132;135;69;3;3;0;0;48.097397419, -1.78149989185
35245;Romillé;55 à 64 ans;12;20;29;36;57;84;5;1;1;0;48.2223488257, -1.87904298142
35245;Romillé;80 ans ou plus;5;7;14;19;19;11;8;10;3;4;48.2223488257, -1.87904298142
35250;Saint-Armel;15 à 19 ans;1;0;0;0;1;1;0;0;0;0;48.0133072658, -1.58086136058
35250;Saint-Armel;40 à 54 ans;20;41;45;110;35;0;4;3;0;0;48.0133072658, -1.58086136058
35266;Saint-Erblon;40 à 54 ans;27;95;59;113;64;2;1;0;0;0;48.019118287, -1.64173794803
35266;Saint-Erblon;55 à 64 ans;8;23;16;38;52;46;2;0;2;0;48.019118287, -1.64173794803
35275;Saint-Gilles;40 à 54 ans;56;87;96;194;60;3;0;2;0;0;48.1520929859, -1.85374690386
35278;Saint-Grégoire;Moins de 15 ans;1;0;2;1;0;0;0;0;0;0;48.1588840471, -1.68571943452
35278;Saint-Grégoire;40 à 54 ans;135;293;306;287;66;8;1;0;0;0;48.1588840471, -1.68571943452
35278;Saint-Grégoire;80 ans ou plus;4;15;27;43;35;50;44;11;2;4;48.1588840471, -1.68571943452
35281;Saint-Jacques-de-la-Lande;80 ans ou plus;10;15;23;37;26;42;72;53;8;6;48.0755625884, -1.72405381322
35315;Saint-Sulpice-la-Forêt;20 à 24 ans;4;3;0;1;0;0;0;0;0;0;48.21225732, -1.57663512362
35315;Saint-Sulpice-la-Forêt;65 à 79 ans;1;0;4;11;7;17;12;1;0;0;48.21225732, -1.57663512362
35334;Thorigné-Fouillard;25 à 39 ans;216;277;208;20;1;4;0;0;0;0;48.1566082899, -1.58409867633
35351;Le Verger;25 à 39 ans;25;40;61;17;1;1;0;0;0;0;48.0658260742, -1.93692739781
35351;Le Verger;65 à 79 ans;1;2;8;9;4;19;14;4;1;2;48.0658260742, -1.93692739781
35001;Acigné;40 à 54 ans;102;158;187;271;121;9;4;2;0;0;48.1464008617, -1.51879762112
35022;Bécherel;20 à 24 ans;9;3;3;2;0;0;0;0;0;0;48.2965087434, -1.9428236566
35022;Bécherel;55 à 64 ans;4;4;10;9;9;9;2;0;0;0;48.2965087434, -1.9428236566
35024;Betton;Moins de 15 ans;0;0;0;0;0;0;0;0;0;0;48.1812360423, -1.64589552684
35039;Brécé;40 à 54 ans;24;42;72;81;39;2;0;0;0;0;48.1107701278, -1.48991638652
35039;Brécé;80 ans ou plus;2;1;0;2;4;8;6;5;1;0;48.1107701278, -1.48991638652
35051;Cesson-Sévigné;15 à 19 ans;85;31;0;16;0;4;0;0;0;0;48.1202268032, -1.59714447272
35055;Chantepie;20 à 24 ans;135;106;6;2;1;0;0;0;0;0;48.0817134724, -1.6038253094
35055;Chantepie;25 à 39 ans;389;752;293;38;3;0;0;0;0;0;48.0817134724, -1.6038253094
35058;La Chapelle-Chaussée;20 à 24 ans;6;3;1;1;0;0;0;0;0;0;48.2664350425, -1.86414756163
35058;La Chapelle-Chaussée;65 à 79 ans;4;2;4;8;5;12;5;3;2;4;48.2664350425, -1.86414756163
35059;La Chapelle-des-Fougeretz;Moins de 15 ans;0;0;0;0;0;0;0;0;0;0;48.1768937301, -1.74067185823
35059;La Chapelle-des-Fougeretz;15 à 19 ans;4;2;0;2;0;0;0;0;0;0;48.1768937301, -1.74067185823
35059;La Chapelle-des-Fougeretz;20 à 24 ans;24;24;2;1;3;1;0;0;0;0;48.1768937301, -1.74067185823
35076;Chavagne;Moins de 15 ans;0;0;0;0;0;0;0;0;0;0;48.0561574005, -1.78649242036
35076;Chavagne;20 à 24 ans;20;9;2;0;1;0;0;0;0;0;48.0561574005, -1.78649242036
35076;Chavagne;40 à 54 ans;32;82;154;146;55;11;2;2;0;0;48.0561574005, -1.78649242036
35079;Chevaigné;25 à 39 ans;43;76;32;8;1;1;0;0;0;0;48.2251828699, -1.63670416498
35079;Chevaigné;80 ans ou plus;2;0;2;6;9;6;6;6;1;0;48.2251828699, -1.63670416498
35080;Cintré;40 à 54 ans;12;54;70;156;24;2;0;0;0;0;48.108708615, -1.88667263001
35081;Clayes;25 à 39 ans;14;42;6;5;0;0;0;0;0;0;48.1786926288, -1.8539725616
35088;Corps-Nuds;40 à 54 ans;46;60;83;148;88;7;4;1;0;0;47.9823871404, -1.57026704551
35088;Corps-Nuds;65 à 79 ans;5;17;7;36;23;39;36;6;2;2;47.9823871404, -1.57026704551
35088;Corps-Nuds;80 ans ou plus;3;2;4;10;14;13;8;8;2;2;47.9823871404, -1.57026704551
35120;Gévezé;25 à 39 ans;155;313;145;16;2;5;0;0;0;0;48.2133254705, -1.79930703575
35120;Gévezé;80 ans ou plus;7;19;10;14;20;10;10;5;5;7;48.2133254705, -1.79930703575
35131;L'Hermitage;Moins de 15 ans;0;0;0;0;0;0;0;0;0;0;48.1221023417, -1.8166504183
35131;L'Hermitage;25 à 39 ans;123;155;102;17;2;0;1;0;0;0;48.1221023417, -1.8166504183
35139;Laillé;15 à 19 ans;2;1;1;0;0;0;0;0;0;0;47.9672360017, -1.71452676529
35189;Montgermont;65 à 79 ans;5;14;13;53;32;76;57;2;3;1;48.1538376773, -1.71729477816
35196;Mordelles;Moins de 15 ans;0;0;0;0;0;0;0;0;0;0;48.0857602983, -1.84210731238
35204;Nouvoitou;15 à 19 ans;1;2;1;0;0;0;0;0;0;0;48.0299058856, -1.55180159639
35206;Noyal-Châtillon-sur-Seiche;15 à 19 ans;6;2;0;3;0;0;0;0;0;0;48.0524815273, -1.6633106381
35208;Orgères;15 à 19 ans;0;0;1;0;0;0;0;0;0;0;47.9853322097, -1.66640026267
35208;Orgères;40 à 54 ans;67;98;99;218;66;3;6;6;0;0;47.9853322097, -1.66640026267
35208;Orgères;55 à 64 ans;11;34;20;55;63;82;7;3;2;0;47.9853322097, -1.66640026267
35208;Orgères;65 à 79 ans;12;20;14;31;27;73;81;3;2;4;47.9853322097, -1.66640026267
35210;Pacé;40 à 54 ans;139;341;472;389;111;6;6;6;0;0;48.152548244, -1.77716643787
35238;Rennes;40 à 54 ans;2689;5357;5429;6582;1763;156;87;30;0;0;48.1119791219, -1.68186449144
35240;Le Rheu;Moins de 15 ans;0;0;0;0;0;0;0;0;0;0;48.097397419, -1.78149989185
35240;Le Rheu;80 ans ou plus;12;10;13;39;25;32;41;28;3;0;48.097397419, -1.78149989185
35245;Romillé;25 à 39 ans;110;164;126;19;2;1;0;0;0;0;48.2223488257, -1.87904298142
35245;Romillé;65 à 79 ans;14;17;31;44;22;34;18;6;1;2;48.2223488257, -1.87904298142
35250;Saint-Armel;55 à 64 ans;6;12;15;29;26;35;4;2;3;0;48.0133072658, -1.58086136058
35250;Saint-Armel;65 à 79 ans;2;3;7;15;8;23;39;1;0;0;48.0133072658, -1.58086136058
35266;Saint-Erblon;25 à 39 ans;49;145;54;9;3;2;1;0;0;0;48.019118287, -1.64173794803
35266;Saint-Erblon;65 à 79 ans;5;10;7;31;25;35;71;3;1;0;48.019118287, -1.64173794803
35275;Saint-Gilles;Moins de 15 ans;0;0;0;0;0;0;0;0;0;0;48.1520929859, -1.85374690386
35281;Saint-Jacques-de-la-Lande;15 à 19 ans;42;1;4;0;0;0;0;0;0;0;48.0755625884, -1.72405381322
35334;Thorigné-Fouillard;40 à 54 ans;81;186;270;308;90;10;2;0;0;0;48.1566082899, -1.58409867633
35334;Thorigné-Fouillard;80 ans ou plus;2;5;11;18;23;27;29;8;3;0;48.1566082899, -1.58409867633
35351;Le Verger;15 à 19 ans;0;0;0;0;0;0;0;0;0;0;48.0658260742, -1.93692739781
35352;Vern-sur-Seiche;Moins de 15 ans;0;0;0;0;0;0;0;0;0;0;48.0525245014, -1.60521106164
35352;Vern-sur-Seiche;20 à 24 ans;49;22;4;7;1;0;0;0;0;0;48.0525245014, -1.60521106164
35352;Vern-sur-Seiche;40 à 54 ans;65;159;346;402;153;13;4;1;0;0;48.0525245014, -1.60521106164
35363;Pont-Péan;40 à 54 ans;62;100;133;216;68;6;0;1;0;0;48.0111348801, -1.69601676125
35001;Acigné;65 à 79 ans;11;20;25;50;46;100;67;11;3;5;48.1464008617, -1.51879762112
35022;Bécherel;15 à 19 ans;0;0;0;0;0;0;0;0;0;0;48.2965087434, -1.9428236566
35022;Bécherel;25 à 39 ans;22;29;16;1;0;0;1;0;0;0;48.2965087434, -1.9428236566
35022;Bécherel;80 ans ou plus;1;0;1;8;3;2;4;5;0;4;48.2965087434, -1.9428236566
35032;Bourgbarré;55 à 64 ans;9;20;28;30;34;75;4;2;0;0;47.988587599, -1.62222742311
35039;Brécé;65 à 79 ans;0;2;6;8;10;29;21;1;1;2;48.1107701278, -1.48991638652
35047;Bruz;15 à 19 ans;214;54;0;3;0;0;0;0;0;0;48.0261755313, -1.74817480915
35047;Bruz;20 à 24 ans;560;486;15;21;0;5;0;0;0;0;48.0261755313, -1.74817480915
35047;Bruz;25 à 39 ans;431;835;256;50;8;0;0;0;0;0;48.0261755313, -1.74817480915
35047;Bruz;40 à 54 ans;230;504;559;780;171;8;0;0;0;0;48.0261755313, -1.74817480915
35047;Bruz;80 ans ou plus;49;72;38;42;53;57;74;56;19;4;48.0261755313, -1.74817480915
35051;Cesson-Sévigné;80 ans ou plus;31;51;36;65;78;130;128;45;20;0;48.1202268032, -1.59714447272
35058;La Chapelle-Chaussée;Moins de 15 ans;0;0;0;0;0;0;0;0;0;0;48.2664350425, -1.86414756163
35058;La Chapelle-Chaussée;40 à 54 ans;8;16;31;37;16;3;2;2;0;0;48.2664350425, -1.86414756163
35059;La Chapelle-des-Fougeretz;55 à 64 ans;9;29;64;70;100;74;0;3;0;0;48.1768937301, -1.74067185823
35059;La Chapelle-des-Fougeretz;80 ans ou plus;2;6;10;15;16;6;14;6;3;4;48.1768937301, -1.74067185823
35065;La Chapelle-Thouarault;40 à 54 ans;21;33;38;116;38;1;0;2;0;0;48.1252826202, -1.8581233152
35065;La Chapelle-Thouarault;65 à 79 ans;3;10;7;27;13;55;54;0;1;0;48.1252826202, -1.8581233152
35066;Chartres-de-Bretagne;20 à 24 ans;103;43;3;1;1;0;0;0;0;0;48.0451561683, -1.70650297343
35066;Chartres-de-Bretagne;55 à 64 ans;33;82;69;116;162;144;6;1;1;0;48.0451561683, -1.70650297343
35076;Chavagne;65 à 79 ans;4;11;16;31;24;70;85;1;1;1;48.0561574005, -1.78649242036
35079;Chevaigné;20 à 24 ans;6;4;1;0;1;0;0;0;0;0;48.2251828699, -1.63670416498
35080;Cintré;80 ans ou plus;1;1;1;3;6;2;14;3;3;4;48.108708615, -1.88667263001
35081;Clayes;55 à 64 ans;1;2;2;6;13;18;2;0;0;0;48.1786926288, -1.8539725616
35081;Clayes;80 ans ou plus;0;0;0;1;3;2;4;3;1;1;48.1786926288, -1.8539725616
35088;Corps-Nuds;15 à 19 ans;3;1;0;1;0;0;0;0;0;0;47.9823871404, -1.57026704551
35088;Corps-Nuds;25 à 39 ans;112;106;68;25;1;2;0;0;0;0;47.9823871404, -1.57026704551
35120;Gévezé;Moins de 15 ans;0;0;0;0;0;0;0;0;0;0;48.2133254705, -1.79930703575
35120;Gévezé;40 à 54 ans;58;160;126;172;62;5;5;2;1;0;48.2133254705, -1.79930703575
35131;L'Hermitage;65 à 79 ans;9;8;15;43;39;93;107;8;0;1;48.1221023417, -1.8166504183
35139;Laillé;65 à 79 ans;13;18;20;43;27;89;36;3;1;2;47.9672360017, -1.71452676529
35144;Langan;55 à 64 ans;2;2;7;8;10;44;4;2;1;0;48.2363756072, -1.84565830249
35144;Langan;80 ans ou plus;0;0;0;1;6;4;4;5;1;4;48.2363756072, -1.84565830249
35180;Miniac-sous-Bécherel;65 à 79 ans;0;0;4;6;6;8;9;3;0;2;48.2810885875, -1.92727123797
35189;Montgermont;55 à 64 ans;7;22;39;57;79;68;2;0;0;0;48.1538376773, -1.71729477816
35189;Montgermont;80 ans ou plus;2;6;3;9;13;18;21;5;0;1;48.1538376773, -1.71729477816
35196;Mordelles;25 à 39 ans;211;369;174;24;7;2;0;0;0;0;48.0857602983, -1.84210731238
35196;Mordelles;80 ans ou plus;11;17;25;19;32;33;46;17;2;3;48.0857602983, -1.84210731238
35204;Nouvoitou;55 à 64 ans;9;10;24;35;89;79;1;1;2;0;48.0299058856, -1.55180159639
35206;Noyal-Châtillon-sur-Seiche;20 à 24 ans;75;42;1;1;2;0;0;0;0;0;48.0524815273, -1.6633106381
35206;Noyal-Châtillon-sur-Seiche;25 à 39 ans;195;371;98;27;2;2;0;0;0;0;48.0524815273, -1.6633106381
35206;Noyal-Châtillon-sur-Seiche;65 à 79 ans;14;23;29;91;87;133;70;14;1;7;48.0524815273, -1.6633106381
35208;Orgères;Moins de 15 ans;0;0;0;0;0;0;0;0;0;0;47.9853322097, -1.66640026267
35210;Pacé;15 à 19 ans;26;6;5;3;0;0;0;0;0;0;48.152548244, -1.77716643787
35210;Pacé;20 à 24 ans;154;115;15;6;2;0;1;0;0;0;48.152548244, -1.77716643787
35210;Pacé;25 à 39 ans;307;532;269;30;2;6;0;0;0;0;48.152548244, -1.77716643787
35210;Pacé;80 ans ou plus;7;17;23;38;32;30;74;13;10;5;48.152548244, -1.77716643787
35216;Parthenay-de-Bretagne;20 à 24 ans;11;5;0;0;0;0;0;0;0;0;48.1884515911, -1.829797127
35216;Parthenay-de-Bretagne;25 à 39 ans;48;79;37;15;1;0;1;0;0;0;48.1884515911, -1.829797127
35216;Parthenay-de-Bretagne;65 à 79 ans;1;1;7;11;5;15;9;2;0;1;48.1884515911, -1.829797127
35238;Rennes;15 à 19 ans;4466;1290;97;66;19;0;7;0;0;0;48.1119791219, -1.68186449144
35238;Rennes;55 à 64 ans;872;1742;2006;3881;3151;1726;172;42;22;4;48.1119791219, -1.68186449144
35240;Le Rheu;65 à 79 ans;14;28;36;93;63;130;70;12;4;3;48.097397419, -1.78149989185
35245;Romillé;Moins de 15 ans;0;0;0;0;0;0;0;0;0;0;48.2223488257, -1.87904298142
35245;Romillé;15 à 19 ans;7;2;0;0;0;0;0;0;0;0;48.2223488257, -1.87904298142
35245;Romillé;20 à 24 ans;31;9;1;0;2;0;0;1;0;0;48.2223488257, -1.87904298142
35245;Romillé;40 à 54 ans;24;79;107;150;62;11;4;3;0;0;48.2223488257, -1.87904298142
35250;Saint-Armel;20 à 24 ans;22;15;1;0;0;0;0;0;0;0;48.0133072658, -1.58086136058
35266;Saint-Erblon;20 à 24 ans;15;24;1;0;1;0;1;0;0;0;48.019118287, -1.64173794803
35266;Saint-Erblon;80 ans ou plus;0;3;5;10;9;7;12;0;0;3;48.019118287, -1.64173794803
35278;Saint-Grégoire;25 à 39 ans;212;385;167;15;3;2;0;0;0;0;48.1588840471, -1.68571943452
35278;Saint-Grégoire;55 à 64 ans;30;67;114;197;216;118;6;0;0;0;48.1588840471, -1.68571943452
35281;Saint-Jacques-de-la-Lande;25 à 39 ans;556;966;410;77;4;2;4;0;0;0;48.0755625884, -1.72405381322
35315;Saint-Sulpice-la-Forêt;25 à 39 ans;29;29;31;8;1;0;0;0;0;0;48.21225732, -1.57663512362
35315;Saint-Sulpice-la-Forêt;55 à 64 ans;2;2;12;24;25;36;2;0;1;0;48.21225732, -1.57663512362
35334;Thorigné-Fouillard;Moins de 15 ans;0;1;0;0;0;0;0;0;0;0;48.1566082899, -1.58409867633
35334;Thorigné-Fouillard;20 à 24 ans;47;20;6;0;2;0;0;0;0;0;48.1566082899, -1.58409867633
35334;Thorigné-Fouillard;55 à 64 ans;16;39;66;165;181;101;7;1;0;0;48.1566082899, -1.58409867633
35351;Le Verger;40 à 54 ans;14;18;49;79;36;3;5;2;0;0;48.0658260742, -1.93692739781
35351;Le Verger;55 à 64 ans;5;8;13;19;22;20;5;1;1;0;48.0658260742, -1.93692739781
35352;Vern-sur-Seiche;15 à 19 ans;5;2;3;3;0;0;0;0;0;0;48.0525245014, -1.60521106164
35353;Vezin-le-Coquet;15 à 19 ans;10;0;0;2;0;0;0;0;0;0;48.1171829255, -1.74956473355
35353;Vezin-le-Coquet;25 à 39 ans;143;139;54;9;0;2;2;0;0;0;48.1171829255, -1.74956473355
35353;Vezin-le-Coquet;55 à 64 ans;10;17;25;82;127;79;2;0;0;0;48.1171829255, -1.74956473355
35353;Vezin-le-Coquet;65 à 79 ans;4;13;30;55;69;141;62;2;2;2;48.1171829255, -1.74956473355
35353;Vezin-le-Coquet;80 ans ou plus;2;2;9;9;18;31;29;12;3;2;48.1171829255, -1.74956473355
35001;Acigné;25 à 39 ans;185;282;138;26;1;2;0;0;0;0;48.1464008617, -1.51879762112
35001;Acigné;55 à 64 ans;15;30;45;90;140;143;4;2;2;0;48.1464008617, -1.51879762112
35022;Bécherel;65 à 79 ans;1;4;8;6;4;8;7;2;0;0;48.2965087434, -1.9428236566
35024;Betton;15 à 19 ans;4;2;1;4;0;0;0;0;0;0;48.1812360423, -1.64589552684
35024;Betton;25 à 39 ans;294;552;210;31;3;2;0;0;0;0;48.1812360423, -1.64589552684
35032;Bourgbarré;20 à 24 ans;26;15;1;0;0;0;0;0;0;0;47.988587599, -1.62222742311
35032;Bourgbarré;40 à 54 ans;28;71;122;184;62;3;6;0;0;0;47.988587599, -1.62222742311
35032;Bourgbarré;80 ans ou plus;0;5;2;8;12;5;8;3;1;1;47.988587599, -1.62222742311
35039;Brécé;Moins de 15 ans;0;0;0;0;0;0;0;0;0;0;48.1107701278, -1.48991638652
35039;Brécé;15 à 19 ans;1;0;1;0;0;0;0;0;0;0;48.1107701278, -1.48991638652
35039;Brécé;55 à 64 ans;5;14;18;20;32;38;2;0;3;0;48.1107701278, -1.48991638652
35047;Bruz;Moins de 15 ans;0;0;0;0;0;0;0;0;0;0;48.0261755313, -1.74817480915
35047;Bruz;55 à 64 ans;57;133;171;310;189;107;4;4;4;0;48.0261755313, -1.74817480915
35051;Cesson-Sévigné;Moins de 15 ans;0;0;0;0;0;0;0;0;0;0;48.1202268032, -1.59714447272
35051;Cesson-Sévigné;20 à 24 ans;563;272;24;20;5;0;0;0;0;0;48.1202268032, -1.59714447272
35051;Cesson-Sévigné;25 à 39 ans;476;789;278;33;1;5;0;0;0;0;48.1202268032, -1.59714447272
35051;Cesson-Sévigné;55 à 64 ans;29;110;104;320;426;200;9;5;0;0;48.1202268032, -1.59714447272
35055;Chantepie;80 ans ou plus;15;24;23;35;24;47;28;6;1;4;48.0817134724, -1.6038253094
35058;La Chapelle-Chaussée;25 à 39 ans;31;53;53;14;0;0;0;0;0;0;48.2664350425, -1.86414756163
35059;La Chapelle-des-Fougeretz;40 à 54 ans;44;140;170;135;78;1;2;0;0;0;48.1768937301, -1.74067185823
35065;La Chapelle-Thouarault;Moins de 15 ans;0;0;0;0;0;0;0;0;0;0;48.1252826202, -1.8581233152
35065;La Chapelle-Thouarault;25 à 39 ans;41;69;36;8;1;1;0;0;0;0;48.1252826202, -1.8581233152
35066;Chartres-de-Bretagne;15 à 19 ans;13;4;3;1;0;0;0;0;0;0;48.0451561683, -1.70650297343
35066;Chartres-de-Bretagne;40 à 54 ans;122;206;231;319;69;9;5;2;0;0;48.0451561683, -1.70650297343
35076;Chavagne;15 à 19 ans;3;1;0;0;0;0;0;0;0;0;48.0561574005, -1.78649242036
35079;Chevaigné;15 à 19 ans;2;1;1;0;0;0;0;0;0;0;48.2251828699, -1.63670416498
35079;Chevaigné;65 à 79 ans;4;8;5;20;13;29;27;2;2;0;48.2251828699, -1.63670416498
35080;Cintré;Moins de 15 ans;0;0;0;0;0;0;0;0;0;0;48.108708615, -1.88667263001
35080;Cintré;25 à 39 ans;32;79;31;19;0;0;0;0;0;0;48.108708615, -1.88667263001
35080;Cintré;65 à 79 ans;5;6;7;22;8;22;48;0;2;1;48.108708615, -1.88667263001
35081;Clayes;Moins de 15 ans;0;0;0;0;0;0;0;0;0;0;48.1786926288, -1.8539725616
35081;Clayes;65 à 79 ans;0;1;1;7;3;11;11;1;0;0;48.1786926288, -1.8539725616
35088;Corps-Nuds;20 à 24 ans;16;7;0;0;0;0;0;0;0;0;47.9823871404, -1.57026704551
35120;Gévezé;55 à 64 ans;18;37;28;38;50;74;4;3;0;0;48.2133254705, -1.79930703575
35120;Gévezé;65 à 79 ans;13;21;25;40;18;45;52;4;4;6;48.2133254705, -1.79930703575
35131;L'Hermitage;15 à 19 ans;3;1;0;0;0;0;0;0;0;0;48.1221023417, -1.8166504183
35131;L'Hermitage;20 à 24 ans;46;18;1;0;4;0;0;0;0;0;48.1221023417, -1.8166504183
35139;Laillé;55 à 64 ans;7;28;32;59;72;105;6;1;0;0;47.9672360017, -1.71452676529
35144;Langan;Moins de 15 ans;0;0;0;0;0;0;0;0;0;0;48.2363756072, -1.84565830249
35144;Langan;15 à 19 ans;0;0;0;0;0;0;0;0;0;0;48.2363756072, -1.84565830249
35144;Langan;25 à 39 ans;20;33;34;7;1;0;0;0;0;0;48.2363756072, -1.84565830249
35144;Langan;40 à 54 ans;6;8;39;25;15;1;2;1;0;0;48.2363756072, -1.84565830249
35180;Miniac-sous-Bécherel;15 à 19 ans;0;0;0;0;0;0;0;0;0;0;48.2810885875, -1.92727123797
35180;Miniac-sous-Bécherel;55 à 64 ans;1;4;6;5;18;9;0;0;1;0;48.2810885875, -1.92727123797
35189;Montgermont;15 à 19 ans;9;2;0;0;0;0;0;0;0;0;48.1538376773, -1.71729477816
35189;Montgermont;25 à 39 ans;87;161;57;16;2;1;0;0;0;0;48.1538376773, -1.71729477816
35189;Montgermont;40 à 54 ans;32;88;99;128;41;1;3;0;0;0;48.1538376773, -1.71729477816
35196;Mordelles;15 à 19 ans;8;1;1;0;2;0;0;0;0;0;48.0857602983, -1.84210731238
35196;Mordelles;40 à 54 ans;104;166;243;235;111;10;4;4;0;0;48.0857602983, -1.84210731238
35196;Mordelles;65 à 79 ans;24;37;68;73;74;156;97;8;0;3;48.0857602983, -1.84210731238
35208;Orgères;20 à 24 ans;28;11;1;0;1;0;0;0;0;0;47.9853322097, -1.66640026267
35208;Orgères;80 ans ou plus;3;7;5;10;10;6;13;6;4;5;47.9853322097, -1.66640026267
35210;Pacé;55 à 64 ans;23;82;93;171;158;75;11;2;2;0;48.152548244, -1.77716643787
35216;Parthenay-de-Bretagne;Moins de 15 ans;0;0;0;0;0;0;0;0;0;0;48.1884515911, -1.829797127
35216;Parthenay-de-Bretagne;15 à 19 ans;2;0;0;1;0;0;0;0;0;0;48.1884515911, -1.829797127
35216;Parthenay-de-Bretagne;80 ans ou plus;0;0;0;4;3;3;0;1;0;1;48.1884515911, -1.829797127
35238;Rennes;20 à 24 ans;11247;7293;606;164;54;1;4;4;0;0;48.1119791219, -1.68186449144
35238;Rennes;65 à 79 ans;459;898;1277;2479;2322;2979;1812;276;31;51;48.1119791219, -1.68186449144
35238;Rennes;80 ans ou plus;202;283;482;936;988;1275;1471;970;280;142;48.1119791219, -1.68186449144
35240;Le Rheu;20 à 24 ans;94;44;5;4;2;0;0;0;0;0;48.097397419, -1.78149989185
35250;Saint-Armel;80 ans ou plus;1;1;1;5;4;9;8;7;1;1;48.0133072658, -1.58086136058
35266;Saint-Erblon;15 à 19 ans;2;1;1;0;0;1;0;0;0;0;48.019118287, -1.64173794803
35275;Saint-Gilles;15 à 19 ans;3;1;0;0;0;0;0;0;0;0;48.1520929859, -1.85374690386
35275;Saint-Gilles;20 à 24 ans;53;23;1;0;1;0;0;0;0;0;48.1520929859, -1.85374690386
35275;Saint-Gilles;25 à 39 ans;150;144;86;22;3;2;0;0;0;0;48.1520929859, -1.85374690386
35275;Saint-Gilles;55 à 64 ans;17;27;17;69;78;118;12;1;4;0;48.1520929859, -1.85374690386
35275;Saint-Gilles;65 à 79 ans;7;10;18;30;25;133;61;4;1;6;48.1520929859, -1.85374690386
35275;Saint-Gilles;80 ans ou plus;2;3;8;12;19;16;16;10;6;6;48.1520929859, -1.85374690386
35278;Saint-Grégoire;15 à 19 ans;25;5;4;1;0;0;0;0;0;0;48.1588840471, -1.68571943452
35278;Saint-Grégoire;20 à 24 ans;114;71;5;3;0;0;0;0;0;0;48.1588840471, -1.68571943452
35278;Saint-Grégoire;65 à 79 ans;13;40;66;114;118;175;88;7;0;3;48.1588840471, -1.68571943452
35281;Saint-Jacques-de-la-Lande;65 à 79 ans;20;41;40;107;77;134;92;14;3;2;48.0755625884, -1.72405381322
35315;Saint-Sulpice-la-Forêt;40 à 54 ans;13;22;50;76;52;2;0;0;0;0;48.21225732, -1.57663512362
35315;Saint-Sulpice-la-Forêt;80 ans ou plus;1;0;1;1;1;5;3;1;3;1;48.21225732, -1.57663512362
35351;Le Verger;Moins de 15 ans;0;0;0;0;0;0;0;0;0;0;48.0658260742, -1.93692739781
35351;Le Verger;80 ans ou plus;0;0;1;3;5;4;1;0;0;0;48.0658260742, -1.93692739781
35352;Vern-sur-Seiche;25 à 39 ans;137;216;166;29;5;0;0;0;0;0;48.0525245014, -1.60521106164
35352;Vern-sur-Seiche;65 à 79 ans;8;26;51;80;92;152;114;9;1;1;48.0525245014, -1.60521106164
35352;Vern-sur-Seiche;80 ans ou plus;2;13;16;25;25;28;39;9;8;1;48.0525245014, -1.60521106164
35353;Vezin-le-Coquet;40 à 54 ans;55;72;93;190;54;5;0;0;0;0;48.1171829255, -1.74956473355
35001;Acigné;Moins de 15 ans;0;0;0;0;0;0;0;0;0;0;48.1464008617, -1.51879762112
35001;Acigné;80 ans ou plus;1;8;14;14;26;22;13;16;4;3;48.1464008617, -1.51879762112
35024;Betton;40 à 54 ans;123;321;303;473;135;17;9;0;0;0;48.1812360423, -1.64589552684
35024;Betton;80 ans ou plus;5;14;20;27;43;34;58;22;8;2;48.1812360423, -1.64589552684
35032;Bourgbarré;25 à 39 ans;78;176;110;13;1;3;0;0;0;0;47.988587599, -1.62222742311
35039;Brécé;20 à 24 ans;9;5;1;0;0;0;0;0;0;0;48.1107701278, -1.48991638652
35047;Bruz;65 à 79 ans;45;98;96;168;121;163;221;40;3;4;48.0261755313, -1.74817480915
35051;Cesson-Sévigné;40 à 54 ans;166;465;476;613;166;18;10;5;0;0;48.1202268032, -1.59714447272
35055;Chantepie;15 à 19 ans;18;6;0;2;0;0;0;0;0;0;48.0817134724, -1.6038253094
35055;Chantepie;65 à 79 ans;29;55;78;116;79;203;91;8;1;1;48.0817134724, -1.6038253094
35058;La Chapelle-Chaussée;55 à 64 ans;5;4;9;18;22;14;0;0;5;0;48.2664350425, -1.86414756163
35059;La Chapelle-des-Fougeretz;25 à 39 ans;104;286;141;13;2;0;0;0;0;0;48.1768937301, -1.74067185823
35065;La Chapelle-Thouarault;15 à 19 ans;0;0;0;0;0;0;0;0;0;0;48.1252826202, -1.8581233152
35066;Chartres-de-Bretagne;25 à 39 ans;239;393;164;30;3;1;2;0;0;0;48.0451561683, -1.70650297343
35066;Chartres-de-Bretagne;65 à 79 ans;14;24;55;79;77;209;158;5;1;1;48.0451561683, -1.70650297343
35076;Chavagne;25 à 39 ans;75;142;95;23;3;1;0;0;0;0;48.0561574005, -1.78649242036
35076;Chavagne;55 à 64 ans;9;15;32;50;83;96;1;1;2;0;48.0561574005, -1.78649242036
35076;Chavagne;80 ans ou plus;2;0;9;9;21;15;11;4;2;3;48.0561574005, -1.78649242036
35079;Chevaigné;Moins de 15 ans;0;0;0;0;0;0;0;0;0;0;48.2251828699, -1.63670416498
35079;Chevaigné;55 à 64 ans;5;16;10;33;39;41;2;2;0;0;48.2251828699, -1.63670416498
35080;Cintré;15 à 19 ans;0;2;0;0;0;0;0;0;0;0;48.108708615, -1.88667263001
35080;Cintré;20 à 24 ans;3;8;3;1;0;0;0;0;0;0;48.108708615, -1.88667263001
35080;Cintré;55 à 64 ans;4;15;11;40;31;27;3;2;0;0;48.108708615, -1.88667263001
35081;Clayes;15 à 19 ans;0;1;0;1;0;0;0;0;0;0;48.1786926288, -1.8539725616
35081;Clayes;20 à 24 ans;3;2;0;0;1;0;0;0;0;0;48.1786926288, -1.8539725616
35081;Clayes;40 à 54 ans;2;16;11;49;7;0;0;0;0;0;48.1786926288, -1.8539725616
35088;Corps-Nuds;55 à 64 ans;14;15;16;38;50;71;3;0;1;0;47.9823871404, -1.57026704551
35131;L'Hermitage;40 à 54 ans;54;92;87;191;46;3;2;1;0;0;48.1221023417, -1.8166504183
35139;Laillé;Moins de 15 ans;0;0;0;0;0;0;0;0;0;0;47.9672360017, -1.71452676529
35139;Laillé;25 à 39 ans;106;228;81;21;3;1;1;0;0;0;47.9672360017, -1.71452676529
35139;Laillé;40 à 54 ans;62;123;122;312;64;4;7;0;0;0;47.9672360017, -1.71452676529
35144;Langan;65 à 79 ans;0;2;5;8;5;17;9;2;1;1;48.2363756072, -1.84565830249
35180;Miniac-sous-Bécherel;Moins de 15 ans;0;0;0;0;0;0;0;0;0;0;48.2810885875, -1.92727123797
35180;Miniac-sous-Bécherel;20 à 24 ans;5;2;1;0;0;0;0;0;0;0;48.2810885875, -1.92727123797
35180;Miniac-sous-Bécherel;25 à 39 ans;14;27;25;6;1;0;0;0;1;0;48.2810885875, -1.92727123797
35180;Miniac-sous-Bécherel;40 à 54 ans;6;10;24;30;15;1;2;0;0;0;48.2810885875, -1.92727123797
35189;Montgermont;Moins de 15 ans;1;0;0;0;0;0;0;0;0;0;48.1538376773, -1.71729477816
35196;Mordelles;20 à 24 ans;71;42;4;2;1;0;0;0;0;0;48.0857602983, -1.84210731238
35204;Nouvoitou;Moins de 15 ans;0;0;0;0;0;0;0;0;0;0;48.0299058856, -1.55180159639
35204;Nouvoitou;20 à 24 ans;9;8;0;1;1;0;0;0;0;0;48.0299058856, -1.55180159639
35204;Nouvoitou;40 à 54 ans;23;42;79;151;84;3;5;1;0;0;48.0299058856, -1.55180159639
35204;Nouvoitou;80 ans ou plus;2;6;15;9;9;8;3;2;6;7;48.0299058856, -1.55180159639
35206;Noyal-Châtillon-sur-Seiche;55 à 64 ans;17;60;41;110;172;97;3;1;3;0;48.0524815273, -1.6633106381
35206;Noyal-Châtillon-sur-Seiche;80 ans ou plus;2;11;12;26;19;32;11;18;10;4;48.0524815273, -1.6633106381
35210;Pacé;Moins de 15 ans;0;0;0;0;0;0;0;0;0;0;48.152548244, -1.77716643787
35216;Parthenay-de-Bretagne;55 à 64 ans;4;5;17;21;8;16;0;0;2;0;48.1884515911, -1.829797127
35238;Rennes;Moins de 15 ans;1;0;0;0;0;0;0;0;0;0;48.1119791219, -1.68186449144
35240;Le Rheu;25 à 39 ans;250;406;181;42;4;1;1;0;0;0;48.097397419, -1.78149989185
35240;Le Rheu;40 à 54 ans;120;257;290;331;78;5;1;3;0;0;48.097397419, -1.78149989185
35250;Saint-Armel;Moins de 15 ans;1;0;0;1;0;0;0;0;0;0;48.0133072658, -1.58086136058
35250;Saint-Armel;25 à 39 ans;39;88;46;18;4;0;0;0;0;0;48.0133072658, -1.58086136058
35266;Saint-Erblon;Moins de 15 ans;0;0;0;0;0;0;0;0;0;0;48.019118287, -1.64173794803
35281;Saint-Jacques-de-la-Lande;Moins de 15 ans;0;0;0;0;0;0;0;0;0;0;48.0755625884, -1.72405381322
35281;Saint-Jacques-de-la-Lande;20 à 24 ans;287;162;5;5;0;0;0;0;0;0;48.0755625884, -1.72405381322
35281;Saint-Jacques-de-la-Lande;40 à 54 ans;198;396;377;374;105;6;14;0;0;0;48.0755625884, -1.72405381322
35281;Saint-Jacques-de-la-Lande;55 à 64 ans;45;88;108;190;132;73;9;9;2;0;48.0755625884, -1.72405381322
35315;Saint-Sulpice-la-Forêt;Moins de 15 ans;0;0;0;0;0;0;0;0;0;0;48.21225732, -1.57663512362
35315;Saint-Sulpice-la-Forêt;15 à 19 ans;0;1;0;0;1;0;0;0;0;0;48.21225732, -1.57663512362
35334;Thorigné-Fouillard;15 à 19 ans;5;1;1;1;1;0;0;0;0;0;48.1566082899, -1.58409867633
35334;Thorigné-Fouillard;65 à 79 ans;5;24;34;75;113;143;103;6;3;3;48.1566082899, -1.58409867633
35351;Le Verger;20 à 24 ans;2;2;0;0;1;0;0;0;0;0;48.0658260742, -1.93692739781
35352;Vern-sur-Seiche;55 à 64 ans;11;45;77;168;194;192;16;3;1;0;48.0525245014, -1.60521106164
35353;Vezin-le-Coquet;Moins de 15 ans;0;0;0;0;0;0;0;0;0;0;48.1171829255, -1.74956473355
35353;Vezin-le-Coquet;20 à 24 ans;41;13;3;2;3;0;0;0;0;0;48.1171829255, -1.74956473355
35363;Pont-Péan;Moins de 15 ans;0;0;0;0;0;0;0;0;0;0;48.0111348801, -1.69601676125
35363;Pont-Péan;15 à 19 ans;1;0;1;0;0;0;0;0;0;0;48.0111348801, -1.69601676125
35363;Pont-Péan;20 à 24 ans;26;23;4;2;2;0;0;0;0;0;48.0111348801, -1.69601676125
35363;Pont-Péan;25 à 39 ans;90;161;73;4;2;0;0;0;0;0;48.0111348801, -1.69601676125
35363;Pont-Péan;55 à 64 ans;6;26;32;71;54;66;1;2;2;0;48.0111348801, -1.69601676125
35363;Pont-Péan;65 à 79 ans;4;20;21;32;31;67;33;5;0;3;48.0111348801, -1.69601676125
35363;Pont-Péan;80 ans ou plus;4;6;5;5;10;7;12;11;4;0;48.0111348801, -1.69601676125
